order_id,customer_id,product_id,quantity,order_date
5001,1001,P101,1,2025-01-10
5002,1002,P102,3,2025-01-11
5003,1003,P103,2,2025-01-11
5004,1004,P104,1,2025-01-12
5005,1005,P105,2,2025-01-12
5006,1006,P106,1,2025-01-13
5007,1007,P107,10,2025-01-13
5008,1008,P108,1,2025-01-14
5009,1009,P109,5,2025-01-14
5010,1010,P110,2,2025-01-15
5011,1001,P102,2,2025-01-15
5012,1002,P103,1,2025-01-16
5013,1003,P104,2,2025-01-16
5014,1004,P105,1,2025-01-17
5015,1005,P999,1,2025-01-18